{
    "name": "scrolld",
    "title": "Scrolld.js",
    "description": "Scrolld.js is a unique open source plugin for jQuery. Scrolld.js provides a method for highly precise scrolling for pixel-perfect layouts and navigation using real-time updated data values. With Scrolld.js your scrolling to items will always be exact and will always provide the best user experience. Scrolld.js is specifically designed to support responsive designs and turns navigating long pages into a simple task. Scrolld.js is intended for easy use and is fully deployable within minutes. Scrolld.js is simple and works with just an element id tag.",
    "keywords": [
        "scrolld",
        "scroll",
        "scrollTop",
        "animation"

    ],
    "version": "1.0.0",
    "author": {
        "name": "Charlie Geiger",
        "url": "http://charliegeiger.com"
    },
    "licenses": [
        {
            "type": "MIT",
            "url": "https://github.com/charliegeiger89/Scrolld.js/blob/master/LICENSE"
        }
    ],
    "bugs": "https://github.com/charliegeiger89/Scrolld.js/issues",
    "homepage": "http://scrolldjs.com",
    "docs": "https://github.com/charliegeiger89/Scrolld.js",
    "download": "https://github.com/charliegeiger89/Scrolld.js",
    "demo": "http://scrolldjs.com/demo/demo.php",
    "dependencies": {
        "jquery": ">=1.5"
    }
}


